{"loss": [0.5484541654586792, 0.46091917157173157, 0.4391542077064514, 0.42547428607940674, 0.41621866822242737, 0.4080214500427246, 0.4007028043270111, 0.39339718222618103, 0.3885115683078766, 0.38350796699523926, 0.3790602684020996, 0.37436842918395996, 0.37057939171791077, 0.36769556999206543, 0.3638208508491516, 0.3613104820251465, 0.3579103350639343, 0.35612043738365173, 0.35377344489097595, 0.3504253625869751, 0.34884482622146606, 0.3471136689186096, 0.34481289982795715, 0.3440840244293213, 0.34264031052589417, 0.34012195467948914, 0.3389056324958801, 0.338090181350708, 0.33593904972076416, 0.33463597297668457, 0.33447474241256714, 0.33269989490509033, 0.3317268490791321, 0.3315097987651825, 0.32889604568481445, 0.328286737203598, 0.32666465640068054, 0.32531777024269104, 0.32519271969795227, 0.3238977789878845], "acc": [0.7175900936126709, 0.7613887190818787, 0.775134265422821, 0.7848763465881348, 0.7905865907669067, 0.7969823479652405, 0.8016642928123474, 0.8067561984062195, 0.8101413249969482, 0.8134346008300781, 0.8157632350921631, 0.8192190527915955, 0.8212403059005737, 0.8239540457725525, 0.8257067203521729, 0.8267455697059631, 0.8290600776672363, 0.8307526707649231, 0.8314381837844849, 0.8341731429100037, 0.8345653414726257, 0.8359788060188293, 0.8375300168991089, 0.8367844820022583, 0.8386784195899963, 0.8393816351890564, 0.840438187122345, 0.8411059975624084, 0.841971755027771, 0.8430318236351013, 0.8424487709999084, 0.8438833951950073, 0.8440388441085815, 0.8442261219024658, 0.845689058303833, 0.8461908102035522, 0.8476642966270447, 0.8481943607330322, 0.8481377959251404, 0.8491307497024536], "val_loss": [0.46932747960090637, 0.4379323422908783, 0.42021599411964417, 0.41480329632759094, 0.4059171974658966, 0.4052421748638153, 0.39451974630355835, 0.3921017348766327, 0.3862225115299225, 0.3824270963668823, 0.38321930170059204, 0.3840782940387726, 0.37459373474121094, 0.3808879554271698, 0.3710958659648895, 0.37083929777145386, 0.36654558777809143, 0.37413543462753296, 0.36833539605140686, 0.36773085594177246, 0.36542007327079773, 0.36228203773498535, 0.3615525960922241, 0.3631846606731415, 0.3614947199821472, 0.3617200255393982, 0.35927119851112366, 0.36480069160461426, 0.3624242842197418, 0.365494042634964, 0.36074820160865784, 0.3578775227069855, 0.3641088306903839, 0.36254966259002686, 0.3595908284187317, 0.3609239459037781, 0.36316320300102234, 0.36783120036125183, 0.3617652952671051, 0.35949715971946716], "val_acc": [0.7564866542816162, 0.7738916873931885, 0.7892271876335144, 0.7918161153793335, 0.7996734976768494, 0.8014214038848877, 0.805659294128418, 0.8096086382865906, 0.8128983378410339, 0.8142504692077637, 0.8149760365486145, 0.8132858276367188, 0.8196097016334534, 0.8142917156219482, 0.8223057985305786, 0.8221573829650879, 0.8260819315910339, 0.8183729648590088, 0.8253563642501831, 0.8245071768760681, 0.8259665369987488, 0.8278875946998596, 0.829520046710968, 0.8280524611473083, 0.8303198218345642, 0.8301137089729309, 0.8304435014724731, 0.8265106678009033, 0.8281514048576355, 0.8280937075614929, 0.8302373886108398, 0.8311525583267212, 0.8268157243728638, 0.8289181590080261, 0.8294788599014282, 0.8290748596191406, 0.8283740282058716, 0.8259087800979614, 0.8303280472755432, 0.8316472768783569], "lr": [0.0010000000474974513, 0.0010000000474974513, 0.0010000000474974513, 0.0010000000474974513, 0.0010000000474974513, 0.0010000000474974513, 0.0010000000474974513, 0.0010000000474974513, 0.0010000000474974513, 0.0010000000474974513, 0.0010000000474974513, 0.0010000000474974513, 0.0009000000427477062, 0.0009000000427477062, 0.0009000000427477062, 0.0009000000427477062, 0.0009000000427477062, 0.0009000000427477062, 0.0009000000427477062, 0.0008100000559352338, 0.0008100000559352338, 0.0008100000559352338, 0.0008100000559352338, 0.0008100000559352338, 0.0008100000559352338, 0.0007290000794455409, 0.0007290000794455409, 0.0007290000794455409, 0.0007290000794455409, 0.0006561000482179224, 0.0006561000482179224, 0.0005904900608584285, 0.0005904900608584285, 0.0005904900608584285, 0.0005314410664141178, 0.0005314410664141178, 0.00047829694813117385, 0.00047829694813117385, 0.00043046724749729037, 0.00043046724749729037]}